Title,Category,Price,Rating,Stock
A Light in the Attic,Poetry,£51.77,Three,In stock (22 available)
Tipping the Velvet,Historical Fiction,£53.74,One,In stock (20 available)
Soumission,Fiction,£50.10,One,In stock (20 available)
Sharp Objects,Mystery,£47.82,Four,In stock (20 available)
Sapiens: A Brief History of Humankind,History,£54.23,Five,In stock (20 available)
The Requiem Red,Young Adult,£22.65,One,In stock (19 available)
The Dirty Little Secrets of Getting Your Dream Job,Business,£33.34,Four,In stock (19 available)
"The Coming Woman: A Novel Based on the Life of the Infamous Feminist, Victoria Woodhull",Default,£17.93,Three,In stock (19 available)
The Boys in the Boat: Nine Americans and Their Epic Quest for Gold at the 1936 Berlin Olympics,Default,£22.60,Four,In stock (19 available)
The Black Maria,Poetry,£52.15,One,In stock (19 available)
"Starving Hearts (Triangular Trade Trilogy, #1)",Default,£13.99,Two,In stock (19 available)
Shakespeare's Sonnets,Poetry,£20.66,Four,In stock (19 available)
Set Me Free,Young Adult,£17.46,Five,In stock (19 available)
Scott Pilgrim's Precious Little Life (Scott Pilgrim #1),Sequential Art,£52.29,Five,In stock (19 available)
Rip it Up and Start Again,Music,£35.02,Five,In stock (19 available)
"Our Band Could Be Your Life: Scenes from the American Indie Underground, 1981-1991",Music,£57.25,Three,In stock (19 available)
Olio,Poetry,£23.88,One,In stock (19 available)
Mesaerion: The Best Science Fiction Stories 1800-1849,Science Fiction,£37.59,One,In stock (19 available)
Libertarianism for Beginners,Politics,£51.33,Two,In stock (19 available)
It's Only the Himalayas,Travel,£45.17,Two,In stock (19 available)
In Her Wake,Thriller,£12.84,One,In stock (19 available)
How Music Works,Music,£37.32,Two,In stock (19 available)
"Foolproof Preserving: A Guide to Small Batch Jams, Jellies, Pickles, Condiments, and More: A Foolproof Guide to Making Small Batch Jams, Jellies, Pickles, Condiments, and More",Food and Drink,£30.52,Three,In stock (19 available)
Chase Me (Paris Nights #2),Romance,£25.27,Five,In stock (19 available)
Black Dust,Romance,£34.53,Five,In stock (19 available)
Birdsong: A Story in Pictures,Childrens,£54.64,Three,In stock (19 available)
America's Cradle of Quarterbacks: Western Pennsylvania's Football Factory from Johnny Unitas to Joe Montana,Default,£22.50,Three,In stock (19 available)
Aladdin and His Wonderful Lamp,Default,£53.13,Three,In stock (19 available)
Worlds Elsewhere: Journeys Around Shakespeare’s Globe,Nonfiction,£40.30,Five,In stock (18 available)
Wall and Piece,Art,£44.18,Four,In stock (18 available)
The Four Agreements: A Practical Guide to Personal Freedom,Spirituality,£17.66,Five,In stock (18 available)
The Five Love Languages: How to Express Heartfelt Commitment to Your Mate,Nonfiction,£31.05,Three,In stock (18 available)
The Elephant Tree,Thriller,£23.82,Five,In stock (18 available)
The Bear and the Piano,Childrens,£36.89,One,In stock (18 available)
Sophie's World,Philosophy,£15.94,Five,In stock (18 available)
Penny Maybe,Default,£33.29,Three,In stock (18 available)
Maude (1883-1993):She Grew Up with the country,Default,£18.02,Two,In stock (18 available)
"In a Dark, Dark Wood",Mystery,£19.63,One,In stock (18 available)
Behind Closed Doors,Thriller,£52.22,Four,In stock (18 available)
You can't bury them all: Poems,Poetry,£33.63,Two,In stock (17 available)
Slow States of Collapse: Poems,Poetry,£57.31,Three,In stock (17 available)
Reasons to Stay Alive,Nonfiction,£26.41,Two,In stock (17 available)
Private Paris (Private #10),Fiction,£47.61,Five,In stock (17 available)
#HigherSelfie: Wake Up Your Life. Free Your Soul. Find Your Tribe.,Nonfiction,£23.11,Five,In stock (17 available)
Without Borders (Wanderlove #1),New Adult,£45.07,Two,In stock (16 available)
When We Collided,Contemporary,£31.77,One,In stock (16 available)
"We Love You, Charlie Freeman",Fiction,£50.27,Five,In stock (16 available)
Untitled Collection: Sabbath Poems 2014,Poetry,£14.27,Four,In stock (16 available)
"Unseen City: The Majesty of Pigeons, the Discreet Charm of Snails & Other Wonders of the Urban Wilderness",Nonfiction,£44.18,Four,In stock (16 available)
Unicorn Tracks,Fantasy,£18.78,Three,In stock (16 available)
"Unbound: How Eight Technologies Made Us Human, Transformed Society, and Brought Our World to the Brink",History,£25.52,One,In stock (16 available)
Tsubasa: WoRLD CHRoNiCLE 2 (Tsubasa WoRLD CHRoNiCLE #2),Sequential Art,£16.28,One,In stock (16 available)
Throwing Rocks at the Google Bus: How Growth Became the Enemy of Prosperity,Nonfiction,£31.12,Three,In stock (16 available)
This One Summer,Sequential Art,£19.49,Four,In stock (16 available)
Thirst,Fiction,£17.27,Five,In stock (16 available)
The Torch Is Passed: A Harding Family Story,Add a comment,£19.09,One,In stock (16 available)
The Secret of Dreadwillow Carse,Childrens,£56.13,One,In stock (16 available)
"The Pioneer Woman Cooks: Dinnertime: Comfort Classics, Freezer Food, 16-Minute Meals, and Other Delicious Ways to Solve Supper!",Food and Drink,£56.41,One,In stock (16 available)
The Past Never Ends,Mystery,£56.50,Four,In stock (16 available)
The Natural History of Us (The Fine Art of Pretending #2),Young Adult,£45.22,Three,In stock (16 available)
The Nameless City (The Nameless City #1),Sequential Art,£38.16,Four,In stock (16 available)
The Murder That Never Was (Forensic Instincts #5),Fiction,£54.11,Three,In stock (16 available)
The Most Perfect Thing: Inside (and Outside) a Bird's Egg,Science,£42.96,Four,In stock (16 available)
"The Mindfulness and Acceptance Workbook for Anxiety: A Guide to Breaking Free from Anxiety, Phobias, and Worry Using Acceptance and Commitment Therapy",Add a comment,£23.89,Four,In stock (16 available)
The Life-Changing Magic of Tidying Up: The Japanese Art of Decluttering and Organizing,Nonfiction,£16.77,Three,In stock (16 available)
"The Inefficiency Assassin: Time Management Tactics for Working Smarter, Not Longer",Default,£20.59,Five,In stock (16 available)
The Gutsy Girl: Escapades for Your Life of Epic Adventure,Nonfiction,£37.13,One,In stock (16 available)
The Electric Pencil: Drawings from Inside State Hospital No. 3,Nonfiction,£56.06,One,In stock (16 available)
The Death of Humanity: and the Case for Life,Philosophy,£58.11,Four,In stock (16 available)
"The Bulletproof Diet: Lose up to a Pound a Day, Reclaim Energy and Focus, Upgrade Your Life",Health,£49.05,Three,In stock (16 available)
The Art Forger,Add a comment,£40.76,Three,In stock (16 available)
The Age of Genius: The Seventeenth Century and the Birth of the Modern Mind,History,£19.73,One,In stock (16 available)
The Activist's Tao Te Ching: Ancient Advice for a Modern Revolution,Spirituality,£32.24,Five,In stock (16 available)
Spark Joy: An Illustrated Master Class on the Art of Organizing and Tidying Up,Nonfiction,£41.83,Four,In stock (16 available)
Soul Reader,Default,£39.58,Two,In stock (16 available)
Security,Horror,£39.25,Two,In stock (16 available)
"Saga, Volume 6 (Saga (Collected Editions) #6)",Fantasy,£25.02,Three,In stock (16 available)
"Saga, Volume 5 (Saga (Collected Editions) #5)",Sequential Art,£51.04,Two,In stock (16 available)
Reskilling America: Learning to Labor in the Twenty-First Century,Nonfiction,£19.83,Two,In stock (16 available)
"Rat Queens, Vol. 3: Demons (Rat Queens (Collected Editions) #11-15)",Sequential Art,£50.40,Three,In stock (16 available)
"Princess Jellyfish 2-in-1 Omnibus, Vol. 01 (Princess Jellyfish 2-in-1 Omnibus #1)",Sequential Art,£13.61,Five,In stock (16 available)
Princess Between Worlds (Wide-Awake Princess #5),Fantasy,£13.34,Five,In stock (16 available)
"Pop Gun War, Volume 1: Gift",Sequential Art,£18.97,One,In stock (16 available)
"Political Suicide: Missteps, Peccadilloes, Bad Calls, Backroom Hijinx, Sordid Pasts, Rotten Breaks, and Just Plain Dumb Mistakes in the Annals of American Politics",History,£36.28,Two,In stock (16 available)
Patience,Sequential Art,£10.16,Three,In stock (16 available)
"Outcast, Vol. 1: A Darkness Surrounds Him (Outcast #1)",Sequential Art,£15.44,Four,In stock (16 available)
orange: The Complete Collection 1 (orange: The Complete Collection #1),Sequential Art,£48.41,One,In stock (16 available)
Online Marketing for Busy Authors: A Step-By-Step Guide,Self Help,£46.35,One,In stock (16 available)
On a Midnight Clear,Add a comment,£14.07,Three,In stock (16 available)
Obsidian (Lux #1),Young Adult,£14.86,Two,In stock (16 available)
My Paris Kitchen: Recipes and Stories,Food and Drink,£33.37,Two,In stock (16 available)
Masks and Shadows,Fantasy,£56.40,Two,In stock (16 available)
"Mama Tried: Traditional Italian Cooking for the Screwed, Crude, Vegan, and Tattooed",Food and Drink,£14.02,Four,In stock (16 available)
"Lumberjanes, Vol. 2: Friendship to the Max (Lumberjanes #5-8)",Sequential Art,£46.91,Two,In stock (16 available)
"Lumberjanes, Vol. 1: Beware the Kitten Holy (Lumberjanes #1-4)",Sequential Art,£45.61,Three,In stock (16 available)
Lumberjanes Vol. 3: A Terrible Plan (Lumberjanes #9-12),Sequential Art,£19.92,Two,In stock (16 available)
"Layered: Baking, Building, and Styling Spectacular Cakes",Food and Drink,£40.11,One,In stock (16 available)
Judo: Seven Steps to Black Belt (an Introductory Guide for Beginners),Add a comment,£53.90,Two,In stock (16 available)
Join,Science Fiction,£35.67,Five,In stock (16 available)
In the Country We Love: My Family Divided,Nonfiction,£22.00,Four,In stock (16 available)
Immunity: How Elie Metchnikoff Changed the Course of Modern Medicine,Science,£57.36,Five,In stock (16 available)
"I Hate Fairyland, Vol. 1: Madly Ever After (I Hate Fairyland (Compilations) #1-5)",Sequential Art,£29.17,Two,In stock (16 available)
I am a Hero Omnibus Volume 1,Sequential Art,£54.63,Three,In stock (16 available)
How to Be Miserable: 40 Strategies You Already Use,Self Help,£46.03,One,In stock (16 available)
Her Backup Boyfriend (The Sorensen Family #1),Romance,£33.97,One,In stock (16 available)
"Giant Days, Vol. 2 (Giant Days #5-8)",Sequential Art,£22.11,Two,In stock (16 available)
Forever and Forever: The Courtship of Henry Longfellow and Fanny Appleton,Historical Fiction,£29.69,Three,In stock (16 available)
First and First (Five Boroughs #3),Romance,£15.97,Four,In stock (16 available)
Fifty Shades Darker (Fifty Shades #2),Romance,£21.96,One,In stock (16 available)
Everydata: The Misinformation Hidden in the Little Data You Consume Every Day,Nonfiction,£54.35,Two,In stock (16 available)
"Don't Be a Jerk: And Other Practical Advice from Dogen, Japan's Greatest Zen Master",Religion,£37.97,Two,In stock (16 available)
Danganronpa Volume 1,Sequential Art,£51.99,Four,In stock (16 available)
Crown of Midnight (Throne of Glass #2),Fantasy,£43.29,Three,In stock (16 available)
"Codename Baboushka, Volume 1: The Conclave of Death",Sequential Art,£36.72,Four,In stock (16 available)
Camp Midnight,Sequential Art,£17.08,Four,In stock (16 available)
Call the Nurse: True Stories of a Country Nurse on a Scottish Isle,Nonfiction,£29.14,Five,In stock (16 available)
Burning,Young Adult,£28.81,Three,In stock (16 available)
Bossypants,Default,£49.46,Two,In stock (16 available)
"Bitch Planet, Vol. 1: Extraordinary Machine (Bitch Planet (Collected Editions))",Sequential Art,£37.92,Two,In stock (16 available)
"Avatar: The Last Airbender: Smoke and Shadow, Part 3 (Smoke and Shadow #3)",Fantasy,£28.09,Two,In stock (16 available)
Algorithms to Live By: The Computer Science of Human Decisions,Nonfiction,£30.81,One,In stock (16 available)
A World of Flavor: Your Gluten Free Passport,Default,£42.95,One,In stock (16 available)
"A Piece of Sky, a Grain of Rice: A Memoir in Four Meditations",Default,£56.76,Five,In stock (16 available)
A Murder in Time,Mystery,£16.64,One,In stock (16 available)
A Flight of Arrows (The Pathfinders #2),Historical Fiction,£55.53,Five,In stock (16 available)
A Fierce and Subtle Poison,Young Adult,£28.13,Four,In stock (16 available)
A Court of Thorns and Roses (A Court of Thorns and Roses #1),Fantasy,£52.37,One,In stock (16 available)
(Un)Qualified: How God Uses Broken People to Do Big Things,Christian,£54.00,Five,In stock (16 available)
You Are What You Love: The Spiritual Power of Habit,Religion,£21.87,Four,In stock (15 available)
"William Shakespeare's Star Wars: Verily, A New Hope (William Shakespeare's Star Wars #4)",Science Fiction,£43.30,Four,In stock (15 available)
Tuesday Nights in 1980,Fiction,£21.04,Two,In stock (15 available)
Tracing Numbers on a Train,Default,£41.60,Three,In stock (15 available)
Throne of Glass (Throne of Glass #1),Fantasy,£35.07,Three,In stock (15 available)
Thomas Jefferson and the Tripoli Pirates: The Forgotten War That Changed American History,History,£59.64,One,In stock (15 available)
Thirteen Reasons Why,Default,£52.72,One,In stock (15 available)
The White Cat and the Monk: A Retelling of the Poem “Pangur Bán”,Childrens,£58.08,Four,In stock (15 available)
The Wedding Dress,Romance,£24.12,One,In stock (15 available)
The Vacationers,Fiction,£42.15,Four,In stock (15 available)
The Third Wave: An Entrepreneur’s Vision of the Future,Business,£12.61,Five,In stock (15 available)
The Stranger,Philosophy,£17.44,Four,In stock (15 available)
The Shadow Hero (The Shadow Hero),Sequential Art,£33.14,One,In stock (15 available)
The Secret (The Secret #1),Default,£27.37,Four,In stock (15 available)
The Regional Office Is Under Attack!,Fiction,£51.36,Five,In stock (15 available)
The Psychopath Test: A Journey Through the Madness Industry,Default,£36.00,Two,In stock (15 available)
The Project,Science Fiction,£10.65,One,In stock (15 available)
The Power of Now: A Guide to Spiritual Enlightenment,Nonfiction,£43.54,Two,In stock (15 available)
The Omnivore's Dilemma: A Natural History of Four Meals,Nonfiction,£38.21,Two,In stock (15 available)
The Nerdy Nummies Cookbook: Sweet Treats for the Geek in All of Us,Food and Drink,£37.34,Five,In stock (15 available)
The Murder of Roger Ackroyd (Hercule Poirot #4),Mystery,£44.10,Four,In stock (15 available)
The Mistake (Off-Campus #2),New Adult,£43.29,Three,In stock (15 available)
The Matchmaker's Playbook (Wingmen Inc. #1),New Adult,£55.85,One,In stock (15 available)
The Love and Lemons Cookbook: An Apple-to-Zucchini Celebration of Impromptu Cooking,Food and Drink,£37.60,Two,In stock (15 available)
The Long Shadow of Small Ghosts: Murder and Memory in an American City,Crime,£10.97,One,In stock (15 available)
The Kite Runner,Default,£41.82,Four,In stock (15 available)
The House by the Lake,Historical Fiction,£36.95,One,In stock (15 available)
The Glittering Court (The Glittering Court #1),Fantasy,£44.28,One,In stock (15 available)
The Girl on the Train,Default,£55.02,Two,In stock (15 available)
The Genius of Birds,Nonfiction,£17.24,One,In stock (15 available)
The Emerald Mystery,Default,£23.15,Two,In stock (15 available)
The Cookies & Cups Cookbook: 125+ sweet & savory recipes reminding you to Always Eat Dessert First,Food and Drink,£41.25,One,In stock (15 available)
The Bridge to Consciousness: I'm Writing the Bridge Between Science and Our Old and New Beliefs.,Default,£32.00,Three,In stock (15 available)
The Artist's Way: A Spiritual Path to Higher Creativity,Nonfiction,£38.49,Five,In stock (15 available)
The Art of War,Default,£33.34,Five,In stock (15 available)
The Argonauts,Autobiography,£10.93,Two,In stock (15 available)
The 10% Entrepreneur: Live Your Startup Dream Without Quitting Your Day Job,Business,£27.55,Three,In stock (15 available)
Suddenly in Love (Lake Haven #1),Romance,£55.99,Two,In stock (15 available)
Something More Than This,Romance,£16.24,Four,In stock (15 available)
Soft Apocalypse,Science Fiction,£26.12,Two,In stock (15 available)
So You've Been Publicly Shamed,Nonfiction,£12.23,Two,In stock (15 available)
Shoe Dog: A Memoir by the Creator of NIKE,Business,£23.99,Two,In stock (15 available)
"Shobu Samurai, Project Aryoku (#3)",Add a comment,£29.06,Three,In stock (15 available)
Secrets and Lace (Fatal Hearts #1),Default,£20.27,One,In stock (15 available)
Scarlett Epstein Hates It Here,Young Adult,£43.55,Five,In stock (15 available)
Romero and Juliet: A Tragic Tale of Love and Zombies,Default,£36.94,One,In stock (15 available)
Redeeming Love,Christian Fiction,£20.47,Five,In stock (15 available)
Poses for Artists Volume 1 - Dynamic and Sitting Poses: An Essential Reference for Figure Drawing and the Human Form,Default,£41.06,One,In stock (15 available)
Poems That Make Grown Women Cry,Poetry,£14.19,Four,In stock (15 available)
"Nightingale, Sing",Young Adult,£38.28,One,In stock (15 available)
Night Sky with Exit Wounds,Poetry,£41.05,One,In stock (15 available)
Mrs. Houdini,Historical Fiction,£30.25,Five,In stock (15 available)
Modern Romance,Add a comment,£28.26,Five,In stock (15 available)
Miss Peregrine’s Home for Peculiar Children (Miss Peregrine’s Peculiar Children #1),Default,£10.76,One,In stock (15 available)
Louisa: The Extraordinary Life of Mrs. Adams,Biography,£16.85,Two,In stock (15 available)
Little Red,Childrens,£13.47,Three,In stock (15 available)
Library of Souls (Miss Peregrine’s Peculiar Children #3),Young Adult,£48.56,Five,In stock (15 available)
Large Print Heart of the Pride,Default,£19.15,Two,In stock (15 available)
I Had a Nice Time And Other Lies...: How to find love & sh*t like that,Womens Fiction,£57.36,Four,In stock (15 available)
Hollow City (Miss Peregrine’s Peculiar Children #2),Fantasy,£42.98,One,In stock (15 available)
Grumbles,Default,£22.16,Two,In stock (15 available)
Full Moon over Noah’s Ark: An Odyssey to Mount Ararat and Beyond,Travel,£49.43,Four,In stock (15 available)
Frostbite (Vampire Academy #2),Young Adult,£29.99,Five,In stock (15 available)
Follow You Home,Horror,£21.36,One,In stock (15 available)
First Steps for New Christians (Print Edition),Default,£29.00,One,In stock (15 available)
Finders Keepers (Bill Hodges Trilogy #2),Fiction,£53.53,Five,In stock (15 available)
"Fables, Vol. 1: Legends in Exile (Fables #1)",Sequential Art,£41.62,Four,In stock (15 available)
Eureka Trivia 6.0,Default,£54.59,Four,In stock (15 available)
Drive: The Surprising Truth About What Motivates Us,Default,£34.95,Four,In stock (15 available)
Done Rubbed Out (Reightman & Bailey #1),Default,£37.72,Five,In stock (15 available)
Doing It Over (Most Likely To #1),Romance,£35.61,Three,In stock (15 available)
"Deliciously Ella Every Day: Quick and Easy Recipes for Gluten-Free Snacks, Packed Lunches, and Simple Meals",Food and Drink,£42.16,Three,In stock (15 available)
Dark Notes,Erotica,£19.19,Five,In stock (15 available)
"Daring Greatly: How the Courage to Be Vulnerable Transforms the Way We Live, Love, Parent, and Lead",Nonfiction,£19.43,Three,In stock (15 available)
Close to You,Christian Fiction,£49.46,Four,In stock (15 available)
Chasing Heaven: What Dying Taught Me About Living,Spirituality,£37.80,Two,In stock (15 available)
Big Magic: Creative Living Beyond Fear,Nonfiction,£30.80,Three,In stock (15 available)
Becoming Wise: An Inquiry into the Mystery and Art of Living,Nonfiction,£27.43,Two,In stock (15 available)
Beauty Restored (Riley Family Legacy Novellas #3),Default,£11.11,Two,In stock (15 available)
Batman: The Long Halloween (Batman),Sequential Art,£36.50,Two,In stock (15 available)
Batman: The Dark Knight Returns (Batman),Sequential Art,£15.38,Five,In stock (15 available)
Ayumi's Violin,Default,£15.48,Two,In stock (15 available)
Anonymous,Default,£46.82,Four,In stock (15 available)
Amy Meets the Saints and Sages,Default,£18.46,Three,In stock (15 available)
Amid the Chaos,Cultural,£36.58,One,In stock (15 available)
Amatus,Default,£50.54,Five,In stock (15 available)
Agnostic: A Spirited Manifesto,Nonfiction,£12.51,Five,In stock (15 available)
Zealot: The Life and Times of Jesus of Nazareth,History,£24.70,Three,In stock (14 available)
You (You #1),Thriller,£43.61,Five,In stock (14 available)
"Wonder Woman: Earth One, Volume One (Wonder Woman: Earth One #1)",Sequential Art,£37.34,Four,In stock (14 available)
Wild Swans,Young Adult,£14.36,Two,In stock (14 available)
Why the Right Went Wrong: Conservatism--From Goldwater to the Tea Party and Beyond,Politics,£52.65,Four,In stock (14 available)
Whole Lotta Creativity Going On: 60 Fun and Unusual Exercises to Awaken and Strengthen Your Creativity,Nonfiction,£38.20,Four,In stock (14 available)
What's It Like in Space?: Stories from Astronauts Who've Been There,Nonfiction,£19.60,Two,In stock (14 available)
"We Are Robin, Vol. 1: The Vigilante Business (We Are Robin #1)",Sequential Art,£53.90,One,In stock (14 available)
Walt Disney's Alice in Wonderland,Childrens,£12.96,Five,In stock (14 available)
V for Vendetta (V for Vendetta Complete),Default,£37.10,Four,In stock (14 available)
Until Friday Night (The Field Party #1),Young Adult,£46.31,Two,In stock (14 available)
"Unbroken: A World War II Story of Survival, Resilience, and Redemption",Default,£45.95,Two,In stock (14 available)
Twenty Yawns,Childrens,£22.08,Two,In stock (14 available)
Through the Woods,Sequential Art,£25.38,Two,In stock (14 available)
This Is Where It Ends,Young Adult,£27.12,Two,In stock (14 available)
The Year of Magical Thinking,Nonfiction,£43.04,Two,In stock (14 available)
The Wright Brothers,Default,£56.80,Four,In stock (14 available)
The White Queen (The Cousins' War #1),Add a comment,£25.91,Five,In stock (14 available)
The Wedding Pact (The O'Malleys #2),Romance,£32.61,Three,In stock (14 available)
The Time Keeper,Fiction,£27.88,Five,In stock (14 available)
The Testament of Mary,Fiction,£52.67,Four,In stock (14 available)
The Star-Touched Queen,Fantasy,£46.02,Five,In stock (14 available)
The Songs of the Gods,Default,£44.48,Five,In stock (14 available)
The Song of Achilles,Add a comment,£37.40,Five,In stock (14 available)
The Rosie Project (Don Tillman #1),Default,£54.04,One,In stock (14 available)
The Power of Habit: Why We Do What We Do in Life and Business,Default,£16.88,Three,In stock (14 available)
The Marriage of Opposites,Historical Fiction,£28.08,Four,In stock (14 available)
The Lucifer Effect: Understanding How Good People Turn Evil,Psychology,£10.40,One,In stock (14 available)
The Long Haul (Diary of a Wimpy Kid #9),Humor,£44.07,One,In stock (14 available)
The Loney,Horror,£23.40,One,In stock (14 available)
The Literature Book (Big Ideas Simply Explained),Nonfiction,£17.43,Three,In stock (14 available)
The Last Mile (Amos Decker #2),Mystery,£54.21,Two,In stock (14 available)
The Immortal Life of Henrietta Lacks,Add a comment,£40.67,Two,In stock (14 available)
The Hidden Oracle (The Trials of Apollo #1),Fantasy,£52.26,Two,In stock (14 available)
The Help Yourself Cookbook for Kids: 60 Easy Plant-Based Recipes Kids Can Make to Stay Healthy and Save the Earth,Food and Drink,£28.77,Three,In stock (14 available)
The Guilty (Will Robie #4),Thriller,£13.82,Two,In stock (14 available)
The First Hostage (J.B. Collins #2),Fiction,£25.85,Three,In stock (14 available)
The Dovekeepers,Add a comment,£48.78,One,In stock (14 available)
The Darkest Lie,Young Adult,£35.35,Five,In stock (14 available)
The Bane Chronicles (The Bane Chronicles #1-11),Fantasy,£44.73,Four,In stock (14 available)
The Bad-Ass Librarians of Timbuktu: And Their Race to Save the World’s Most Precious Manuscripts,Nonfiction,£15.77,One,In stock (14 available)
The 14th Colony (Cotton Malone #11),Thriller,£39.24,One,In stock (14 available)
That Darkness (Gardiner and Renner #1),Mystery,£13.92,One,In stock (14 available)
Tastes Like Fear (DI Marnie Rome #3),Mystery,£10.69,One,In stock (14 available)
Take Me with You,Fiction,£45.21,Three,In stock (14 available)
Swell: A Year of Waves,Nonfiction,£45.58,One,In stock (14 available)
Superman Vol. 1: Before Truth (Superman by Gene Luen Yang #1),Sequential Art,£11.89,Five,In stock (14 available)
Still Life with Bread Crumbs,Fiction,£26.41,Three,In stock (14 available)
Steve Jobs,Default,£39.50,Five,In stock (14 available)
Sorting the Beef from the Bull: The Science of Food Fraud Forensics,Science,£44.74,Four,In stock (14 available)
Someone Like You (The Harrisons #2),Contemporary,£52.79,Five,In stock (14 available)
"So Cute It Hurts!!, Vol. 6 (So Cute It Hurts!! #6)",Sequential Art,£35.43,Four,In stock (14 available)
Shtum,Fiction,£55.84,Four,In stock (14 available)
See America: A Celebration of Our National Parks & Treasured Sites,Travel,£48.87,Three,In stock (14 available)
salt.,Poetry,£46.78,Four,In stock (14 available)
Robin War,Sequential Art,£47.82,Three,In stock (14 available)
"Red Hood/Arsenal, Vol. 1: Open for Business (Red Hood/Arsenal #1)",Sequential Art,£25.48,Two,In stock (14 available)
Rain Fish,Childrens,£23.57,Three,In stock (14 available)
"Quarter Life Poetry: Poems for the Young, Broke and Hangry",Poetry,£50.89,Five,In stock (14 available)
Pet Sematary,Horror,£10.56,Three,In stock (14 available)
"Overload: How to Unplug, Unwind, and Unleash Yourself from the Pressure of Stress",Self Help,£52.15,Three,In stock (14 available)
Once Was a Time,Childrens,£18.28,Two,In stock (14 available)
Old School (Diary of a Wimpy Kid #10),Humor,£11.83,Five,In stock (14 available)
No Dream Is Too High: Life Lessons From a Man Who Walked on the Moon,Nonfiction,£21.95,Two,In stock (14 available)
"Naruto (3-in-1 Edition), Vol. 14: Includes Vols. 40, 41 & 42 (Naruto: Omnibus #14)",Sequential Art,£38.39,Two,In stock (14 available)
My Name Is Lucy Barton,Fiction,£41.56,One,In stock (14 available)
My Mrs. Brown,Fiction,£24.48,Three,In stock (14 available)
My Kind of Crazy,Young Adult,£40.36,One,In stock (14 available)
Mr. Mercedes (Bill Hodges Trilogy #1),Fiction,£28.90,One,In stock (14 available)
More Than Music (Chasing the Dream #1),Add a comment,£37.61,Two,In stock (14 available)
Made to Stick: Why Some Ideas Survive and Others Die,Business,£38.85,Five,In stock (14 available)
Luis Paints the World,Childrens,£53.95,Three,In stock (14 available)
Luckiest Girl Alive,Default,£49.83,Three,In stock (14 available)
Lowriders to the Center of the Earth (Lowriders in Space #2),Sequential Art,£51.51,Two,In stock (14 available)
Love Is a Mix Tape (Music #1),Music,£18.03,One,In stock (14 available)
Looking for Lovely: Collecting the Moments that Matter,Nonfiction,£29.14,Five,In stock (14 available)
"Living Leadership by Insight: A Good Leader Achieves, a Great Leader Builds Monuments",Default,£46.91,Four,In stock (14 available)
Let It Out: A Journey Through Journaling,Nonfiction,£26.79,Five,In stock (14 available)
Lady Midnight (The Dark Artifices #1),Default,£16.28,Five,In stock (14 available)
"It's All Easy: Healthy, Delicious Weeknight Meals in under 30 Minutes",Food and Drink,£19.55,One,In stock (14 available)
Island of Dragons (Unwanteds #7),Fantasy,£29.65,One,In stock (14 available)
I Know What I'm Doing -- and Other Lies I Tell Myself: Dispatches from a Life Under Construction,Humor,£25.98,Four,In stock (14 available)
I Am Pilgrim (Pilgrim #1),Fiction,£10.60,Four,In stock (14 available)
"Hyperbole and a Half: Unfortunate Situations, Flawed Coping Mechanisms, Mayhem, and Other Things That Happened",Humor,£14.75,Five,In stock (14 available)
"Hush, Hush (Hush, Hush #1)",Default,£47.02,Three,In stock (14 available)
Hold Your Breath (Search and Rescue #1),Romance,£28.82,One,In stock (14 available)
Hamilton: The Revolution,Nonfiction,£58.79,Three,In stock (14 available)
Greek Mythic History,Default,£10.23,Five,In stock (14 available)
God: The Most Unpleasant Character in All Fiction,Religion,£30.03,Five,In stock (14 available)
Glory over Everything: Beyond The Kitchen House,Historical Fiction,£45.84,Three,In stock (14 available)
Feathers: Displays of Brilliant Plumage,Art,£49.05,Three,In stock (14 available)
"Far & Away: Places on the Brink of Change: Seven Continents, Twenty-Five Years",Nonfiction,£15.06,Four,In stock (14 available)
Every Last Word,Default,£46.47,Three,In stock (14 available)
Eligible (The Austen Project #4),Fiction,£27.09,Three,In stock (14 available)
El Deafo,Sequential Art,£57.62,Five,In stock (14 available)
Eight Hundred Grapes,Fiction,£14.39,Four,In stock (14 available)
"Eaternity: More than 150 Deliciously Easy Vegan Recipes for a Long, Healthy, Satisfied, Joyful Life",Nonfiction,£51.75,Five,In stock (14 available)
"Eat Fat, Get Thin",Health,£54.07,Two,In stock (14 available)
Don't Get Caught,Young Adult,£55.35,One,In stock (14 available)
Doctor Sleep (The Shining #2),Horror,£40.12,Two,In stock (14 available)
Demigods & Magicians: Percy and Annabeth Meet the Kanes (Percy Jackson & Kane Chronicles Crossover #1-3),Fantasy,£37.51,Five,In stock (14 available)
Dear Mr. Knightley,Fiction,£11.21,Five,In stock (14 available)
Daily Fantasy Sports,Default,£36.58,One,In stock (14 available)
Crazy Love: Overwhelmed by a Relentless God,Christian,£47.72,Two,In stock (14 available)
Cometh the Hour (The Clifton Chronicles #6),Fiction,£25.01,Three,In stock (14 available)
Code Name Verity (Code Name Verity #1),Add a comment,£22.13,Four,In stock (14 available)
Clockwork Angel (The Infernal Devices #1),Default,£44.14,One,In stock (14 available)
City of Glass (The Mortal Instruments #3),Fantasy,£56.02,Four,In stock (14 available)
City of Fallen Angels (The Mortal Instruments #4),Default,£11.23,Four,In stock (14 available)
City of Bones (The Mortal Instruments #1),Default,£43.28,One,In stock (14 available)
City of Ashes (The Mortal Instruments #2),Default,£47.27,One,In stock (14 available)
Cell,Add a comment,£20.29,Four,In stock (14 available)
Catching Jordan (Hundred Oaks),Young Adult,£50.83,Three,In stock (14 available)
"Carry On, Warrior: Thoughts on Life Unarmed",Default,£31.85,Three,In stock (14 available)
Carrie,Default,£46.23,Two,In stock (14 available)
Buying In: The Secret Dialogue Between What We Buy and Who We Are,Nonfiction,£37.80,Four,In stock (14 available)
Brain on Fire: My Month of Madness,Nonfiction,£49.32,Five,In stock (14 available)
Batman: Europa,Sequential Art,£32.01,Two,In stock (14 available)
Barefoot Contessa Back to Basics,Food and Drink,£28.01,One,In stock (14 available)
Barefoot Contessa at Home: Everyday Recipes You'll Make Over and Over Again,Food and Drink,£50.62,Five,In stock (14 available)
Balloon Animals,Fiction,£17.03,Three,In stock (14 available)
Art Ops Vol. 1,Sequential Art,£48.80,Three,In stock (14 available)
Aristotle and Dante Discover the Secrets of the Universe (Aristotle and Dante Discover the Secrets of the Universe #1),Young Adult,£58.14,Four,In stock (14 available)
Angels Walking (Angels Walking #1),Add a comment,£34.20,Two,In stock (14 available)
Angels & Demons (Robert Langdon #1),Default,£51.48,Three,In stock (14 available)
All the Light We Cannot See,Historical,£29.87,Five,In stock (14 available)
"Adulthood Is a Myth: A ""Sarah's Scribbles"" Collection",Sequential Art,£10.90,Two,In stock (14 available)
Abstract City,Nonfiction,£56.37,Five,In stock (14 available)
A Time of Torment (Charlie Parker #14),Mystery,£48.35,Five,In stock (14 available)
A Study in Scarlet (Sherlock Holmes #1),Mystery,£16.73,Two,In stock (14 available)
"A Series of Catastrophes and Miracles: A True Story of Love, Science, and Cancer",Add a comment,£56.48,Two,In stock (14 available)
A People's History of the United States,Add a comment,£40.79,Two,In stock (14 available)
A Man Called Ove,Fiction,£39.72,One,In stock (14 available)
A Distant Mirror: The Calamitous 14th Century,History,£14.58,Three,In stock (14 available)
A Brush of Wings (Angels Walking #3),Add a comment,£55.51,One,In stock (14 available)
1491: New Revelations of the Americas Before Columbus,History,£21.80,Three,In stock (14 available)
"The Three Searches, Meaning, and the Story",Default,£13.33,Three,In stock (13 available)
Searching for Meaning in Gailana,Fantasy,£38.73,One,In stock (13 available)
Rook,Add a comment,£37.86,Four,In stock (13 available)
My Kitchen Year: 136 Recipes That Saved My Life,Food and Drink,£11.53,Two,In stock (13 available)
13 Hours: The Inside Account of What Really Happened In Benghazi,Nonfiction,£27.06,One,In stock (13 available)
Will You Won't You Want Me?,Womens Fiction,£13.86,Three,In stock (12 available)
Tipping Point for Planet Earth: How Close Are We to the Edge?,Science,£37.55,One,In stock (12 available)
The Star-Touched Queen,Fantasy,£32.30,Five,In stock (12 available)
The Silent Sister (Riley MacPherson #1),Fiction,£46.29,Five,In stock (12 available)
The Midnight Watch: A Novel of the Titanic and the Californian,Add a comment,£26.20,One,In stock (12 available)
The Lonely City: Adventures in the Art of Being Alone,Nonfiction,£33.26,Two,In stock (12 available)
The Gray Rhino: How to Recognize and Act on the Obvious Dangers We Ignore,Add a comment,£59.15,Four,In stock (12 available)
The Golden Condom: And Other Essays on Love Lost and Found,Psychology,£39.43,One,In stock (12 available)
The Epidemic (The Program 0.6),Young Adult,£14.44,Five,In stock (12 available)
The Dinner Party,Fiction,£56.54,Two,In stock (12 available)
The Diary of a Young Girl,Nonfiction,£59.90,Three,In stock (12 available)
The Children,Add a comment,£11.88,Three,In stock (12 available)
Stars Above (The Lunar Chronicles #4.5),Young Adult,£48.05,Two,In stock (12 available)
Snatched: How A Drug Queen Went Undercover for the DEA and Was Kidnapped By Colombian Guerillas,Nonfiction,£21.21,Three,In stock (12 available)
Raspberry Pi Electronics Projects for the Evil Genius,Default,£49.67,Four,In stock (12 available)
Quench Your Own Thirst: Business Lessons Learned Over a Beer or Two,Business,£43.14,One,In stock (12 available)
Psycho: Sanitarium (Psycho #1.5),Horror,£36.97,Five,In stock (12 available)
Poisonous (Max Revere Novels #3),Mystery,£26.80,Three,In stock (12 available)
One with You (Crossfire #5),Add a comment,£15.71,Four,In stock (12 available)
No Love Allowed (Dodge Cove #1),Young Adult,£54.65,Four,In stock (12 available)
Murder at the 42nd Street Library (Raymond Ambler #1),Mystery,£54.36,Four,In stock (12 available)
Most Wanted,Mystery,£35.28,Three,In stock (12 available)
"Love, Lies and Spies",Historical Fiction,£20.55,Two,In stock (12 available)
How to Speak Golf: An Illustrated Guide to Links Lingo,Default,£58.32,Five,In stock (12 available)
Hide Away (Eve Duncan #20),Mystery,£11.84,One,In stock (12 available)
Furiously Happy: A Funny Book About Horrible Things,Nonfiction,£41.46,Four,In stock (12 available)
Everyday Italian: 125 Simple and Delicious Recipes,Food and Drink,£20.10,Five,In stock (12 available)
Equal Is Unfair: America's Misguided Fight Against Income Inequality,Politics,£56.86,One,In stock (12 available)
Eleanor & Park,Default,£56.51,Five,In stock (12 available)
Dirty (Dive Bar #1),Romance,£40.83,Four,In stock (12 available)
Can You Keep a Secret? (Fear Street Relaunch #4),Horror,£48.64,One,In stock (12 available)
Boar Island (Anna Pigeon #19),Mystery,£59.48,Three,In stock (12 available)
A Paris Apartment,Historical Fiction,£39.01,Four,In stock (12 available)
"A la Mode: 120 Recipes in 60 Pairings: Pies, Tarts, Cakes, Crisps, and More Topped with Ice Cream, Gelato, Frozen Custard, and More",Food and Drink,£38.77,One,In stock (12 available)
Troublemaker: Surviving Hollywood and Scientology,Default,£48.39,Two,In stock (11 available)
The Widow,Mystery,£27.26,Two,In stock (11 available)
"The Sleep Revolution: Transforming Your Life, One Night at a Time",Nonfiction,£11.68,Four,In stock (11 available)
The Improbability of Love,Fiction,£59.45,One,In stock (11 available)
The Art of Startup Fundraising,Business,£21.00,Three,In stock (11 available)
Take Me Home Tonight (Rock Star Romance #3),Romance,£53.98,Three,In stock (11 available)
Sleeping Giants (Themis Files #1),Science Fiction,£48.74,One,In stock (11 available)
"Setting the World on Fire: The Brief, Astonishing Life of St. Catherine of Siena",Biography,£21.15,Two,In stock (11 available)
Playing with Fire,Mystery,£13.71,Three,In stock (11 available)
Off the Hook (Fishing for Trouble #1),Romance,£47.67,Three,In stock (11 available)
Mothering Sunday,Fiction,£13.34,Two,In stock (11 available)
"Mother, Can You Not?",Nonfiction,£16.89,Five,In stock (11 available)
M Train,Autobiography,£27.18,One,In stock (11 available)
Lilac Girls,Historical Fiction,£17.28,Two,In stock (11 available)
Lies and Other Acts of Love,Fiction,£45.14,One,In stock (11 available)
Lab Girl,Autobiography,£40.85,One,In stock (11 available)
Keep Me Posted,Womens Fiction,£20.46,Four,In stock (11 available)
It Didn't Start with You: How Inherited Family Trauma Shapes Who We Are and How to End the Cycle,Psychology,£56.27,Three,In stock (11 available)
Grey (Fifty Shades #4),Womens Fiction,£48.49,Four,In stock (11 available)
"Exit, Pursued by a Bear",Young Adult,£51.34,Four,In stock (11 available)
Daredevils,Fiction,£16.34,Three,In stock (11 available)
Cravings: Recipes for What You Want to Eat,Food and Drink,£20.50,Three,In stock (11 available)
Born for This: How to Find the Work You Were Meant to Do,Business,£21.59,Five,In stock (11 available)
Arena,Science Fiction,£21.36,Four,In stock (11 available)
Adultery,Default,£20.88,Five,In stock (11 available)
A Mother's Reckoning: Living in the Aftermath of Tragedy,Nonfiction,£19.53,Three,In stock (11 available)
A Gentleman's Position (Society of Gentlemen #3),Romance,£14.75,Five,In stock (11 available)
11/22/63,Fiction,£48.48,Three,In stock (11 available)
"10% Happier: How I Tamed the Voice in My Head, Reduced Stress Without Losing My Edge, and Found Self-Help That Actually Works",Nonfiction,£24.57,Two,In stock (10 available)
10-Day Green Smoothie Cleanse: Lose Up to 15 Pounds in 10 Days!,Health,£49.71,Five,In stock (10 available)
Without Shame,Add a comment,£48.27,Five,In stock (9 available)
Watchmen,Add a comment,£58.05,Four,In stock (9 available)
Unlimited Intuition Now,Default,£58.87,Four,In stock (9 available)
Underlying Notes,Default,£11.82,Two,In stock (9 available)
The Shack,Fiction,£28.03,One,In stock (9 available)
The New Brand You: Your New Image Makes the Sale for You,Default,£44.05,Five,In stock (9 available)
"The Moosewood Cookbook: Recipes from Moosewood Restaurant, Ithaca, New York",Food and Drink,£12.34,Four,In stock (9 available)
The Flowers Lied,Default,£16.68,Two,In stock (9 available)
"The Fabric of the Cosmos: Space, Time, and the Texture of Reality",Science,£55.91,One,In stock (9 available)
The Book of Mormon,Religion,£24.57,Three,In stock (9 available)
The Art and Science of Low Carbohydrate Living,Health,£52.98,Five,In stock (9 available)
The Alien Club,Young Adult,£54.40,One,In stock (9 available)
Suzie Snowflake: One beautiful flake (a self-esteem story),Novels,£54.81,Five,In stock (9 available)
Nap-a-Roo,Childrens,£25.08,One,In stock (9 available)
"NaNo What Now? Finding your editing process, revising your NaNoWriMo book and building a writing career through publishing and beyond",Default,£10.41,Four,In stock (9 available)
Modern Day Fables,Default,£47.44,Two,In stock (9 available)
If I Gave You God's Phone Number....: Searching for Spirituality in America,Spirituality,£20.91,One,In stock (9 available)
"Fruits Basket, Vol. 9 (Fruits Basket #9)",Sequential Art,£33.95,Four,In stock (9 available)
Dress Your Family in Corduroy and Denim,Humor,£43.68,Three,In stock (9 available)
Don't Forget Steven,Young Adult,£33.23,One,In stock (9 available)
Chernobyl 01:23:40: The Incredible True Story of the World's Worst Nuclear Disaster,Nonfiction,£35.92,Two,In stock (9 available)
Art and Fear: Observations on the Perils (and Rewards) of Artmaking,Art,£48.63,Four,In stock (9 available)
A Shard of Ice (The Black Symphony Saga #1),Fantasy,£56.63,Three,In stock (9 available)
A Hero's Curse (The Unseen Chronicles #1),Add a comment,£50.49,Three,In stock (9 available)
23 Degrees South: A Tropical Tale of Changing Whether...,Add a comment,£35.79,Two,In stock (9 available)
"Zero to One: Notes on Startups, or How to Build the Future",Nonfiction,£34.06,Three,In stock (8 available)
Why Not Me?,Nonfiction,£17.76,One,In stock (8 available)
When Breath Becomes Air,Nonfiction,£39.36,Two,In stock (8 available)
Vagabonding: An Uncommon Guide to the Art of Long-Term World Travel,Travel,£36.94,Two,In stock (8 available)
The Unlikely Pilgrimage of Harold Fry (Harold Fry #1),Default,£43.62,Five,In stock (8 available)
The New Drawing on the Right Side of the Brain,Art,£43.02,Three,In stock (8 available)
"The Midnight Assassin: Panic, Scandal, and the Hunt for America's First Serial Killer",Nonfiction,£28.45,Four,In stock (8 available)
The Martian (The Martian #1),Default,£41.39,Two,In stock (8 available)
The High Mountains of Portugal,Fiction,£51.15,One,In stock (8 available)
The Grownup,Short Stories,£35.88,One,In stock (8 available)
The E-Myth Revisited: Why Most Small Businesses Don't Work and What to Do About It,Business,£36.91,One,In stock (8 available)
South of Sunshine,Young Adult,£28.93,One,In stock (8 available)
Smarter Faster Better: The Secrets of Being Productive in Life and Business,Nonfiction,£38.89,Five,In stock (8 available)
Silence in the Dark (Logan Point #4),Suspense,£58.33,Three,In stock (8 available)
Shadows of the Past (Logan Point #1),Christian Fiction,£39.67,Five,In stock (8 available)
Roller Girl,Sequential Art,£14.10,Five,In stock (8 available)
Rising Strong,Nonfiction,£21.82,Three,In stock (8 available)
Proofs of God: Classical Arguments from Tertullian to Barth,Philosophy,£54.21,One,In stock (8 available)
Please Kill Me: The Uncensored Oral History of Punk,Music,£31.19,Four,In stock (8 available)
Out of Print: City Lights Spotlight No. 14,Poetry,£53.64,Five,In stock (8 available)
My Life Next Door (My Life Next Door ),Young Adult,£36.39,Five,In stock (8 available)
Miller's Valley,Fiction,£58.54,Two,In stock (8 available)
Man's Search for Meaning,Nonfiction,£29.48,Three,In stock (8 available)
"Love That Boy: What Two Presidents, Eight Road Trips, and My Son Taught Me About a Parent's Expectations",Nonfiction,£25.06,Two,In stock (8 available)
Living Forward: A Proven Plan to Stop Drifting and Get the Life You Want,Nonfiction,£12.55,Three,In stock (8 available)
Les Fleurs du Mal,Poetry,£29.04,Five,In stock (8 available)
Left Behind (Left Behind #1),Default,£40.72,Two,In stock (8 available)
Kill 'Em and Leave: Searching for James Brown and the American Soul,Music,£45.05,Five,In stock (8 available)
Kierkegaard: A Christian Missionary to Christians,Philosophy,£47.13,One,In stock (8 available)
John Vassos: Industrial Design for Modern Life,Default,£20.22,Four,In stock (8 available)
I'll Give You the Sun,Default,£56.48,One,In stock (8 available)
I Will Find You,Nonfiction,£44.21,One,In stock (8 available)
Hystopia: A Novel,Fiction,£21.96,Four,In stock (8 available)
Howl and Other Poems,Poetry,£40.45,Two,In stock (8 available)
History of Beauty,Art,£10.29,Four,In stock (8 available)
Heaven is for Real: A Little Boy's Astounding Story of His Trip to Heaven and Back,Default,£52.86,Two,In stock (8 available)
Future Shock (Future Shock #1),Young Adult,£55.65,Five,In stock (8 available)
Ender's Game (The Ender Quintet #1),Default,£43.64,One,In stock (8 available)
Diary of a Citizen Scientist: Chasing Tiger Beetles and Other New Ways of Engaging the World,Science,£28.41,One,In stock (8 available)
Death by Leisure: A Cautionary Tale,Default,£37.51,Four,In stock (8 available)
Brilliant Beacons: A History of the American Lighthouse,History,£11.45,Three,In stock (8 available)
Brazen: The Courage to Find the You That's Been Hiding,Nonfiction,£19.22,Two,In stock (8 available)
Between the World and Me,Nonfiction,£56.91,Four,In stock (8 available)
Being Mortal: Medicine and What Matters in the End,Nonfiction,£55.06,Four,In stock (8 available)
"A Murder Over a Girl: Justice, Gender, Junior High",Nonfiction,£13.20,Three,In stock (8 available)
32 Yolks,Food and Drink,£53.63,Two,In stock (8 available)
"""Most Blessed of the Patriarchs"": Thomas Jefferson and the Empire of the Imagination",History,£44.48,Five,In stock (8 available)
You Are a Badass: How to Stop Doubting Your Greatness and Start Living an Awesome Life,Self Help,£12.08,Three,In stock (7 available)
Wildlife of New York: A Five-Borough Coloring Book,Default,£22.14,Two,In stock (7 available)
What Happened on Beale Street (Secrets of the South Mysteries #2),Mystery,£25.37,Five,In stock (7 available)
Unreasonable Hope: Finding Faith in the God Who Brings Purpose to Your Pain,Spirituality,£46.33,Two,In stock (7 available)
Under the Tuscan Sun,Travel,£37.33,Three,In stock (7 available)
Toddlers Are A**holes: It's Not Your Fault,Humor,£25.55,One,In stock (7 available)
The Year of Living Biblically: One Man's Humble Quest to Follow the Bible as Literally as Possible,Default,£34.72,One,In stock (7 available)
The Whale,Childrens,£35.96,Four,In stock (7 available)
The Story of Art,Art,£41.14,Four,In stock (7 available)
The Origin of Species,Science,£10.01,Four,In stock (7 available)
The Great Gatsby,Default,£36.05,Four,In stock (7 available)
The Good Girl,Default,£49.03,Three,In stock (7 available)
The Glass Castle,Add a comment,£16.24,One,In stock (7 available)
The Faith of Christopher Hitchens: The Restless Soul of the World's Most Notorious Atheist,Biography,£39.55,One,In stock (7 available)
The Drowning Girls,Add a comment,£35.67,Three,In stock (7 available)
The Constant Princess (The Tudor Court #1),Historical Fiction,£16.62,Three,In stock (7 available)
The Bourne Identity (Jason Bourne #1),Fiction,£42.78,Four,In stock (7 available)
The Bachelor Girl's Guide to Murder (Herringford and Watts Mysteries #1),Mystery,£52.30,Five,In stock (7 available)
The Art Book,Art,£32.34,Two,In stock (7 available)
The 7 Habits of Highly Effective People: Powerful Lessons in Personal Change,Default,£33.17,Four,In stock (7 available)
Team of Rivals: The Political Genius of Abraham Lincoln,Add a comment,£20.12,Five,In stock (7 available)
Steal Like an Artist: 10 Things Nobody Told You About Being Creative,Default,£20.90,Two,In stock (7 available)
"Sit, Stay, Love",Romance,£20.90,Three,In stock (7 available)
Sister Dear,Fiction,£40.20,Four,In stock (7 available)
"Shrunken Treasures: Literary Classics, Short, Sweet, and Silly",Childrens,£52.87,Three,In stock (7 available)
"Rich Dad, Poor Dad",Business,£51.74,One,In stock (7 available)
Raymie Nightingale,Childrens,£34.41,Two,In stock (7 available)
Playing from the Heart,Childrens,£32.38,One,In stock (7 available)
Nightstruck: A Novel,Young Adult,£50.35,Four,In stock (7 available)
"Naturally Lean: 125 Nourishing Gluten-Free, Plant-Based Recipes--All Under 300 Calories",Food and Drink,£11.38,Five,In stock (7 available)
Meternity,Womens Fiction,£43.58,Three,In stock (7 available)
Memoirs of a Geisha,Fiction,£49.67,Three,In stock (7 available)
Like Never Before (Walker Family #2),Christian Fiction,£28.77,Two,In stock (7 available)
Life of Pi,Default,£13.22,Four,In stock (7 available)
Leave This Song Behind: Teen Poetry at Its Best,Poetry,£51.17,Five,In stock (7 available)
King's Folly (The Kinsman Chronicles #1),Fantasy,£39.61,Five,In stock (7 available)
John Adams,Add a comment,£57.43,Four,In stock (7 available)
How to Cook Everything Vegetarian: Simple Meatless Recipes for Great Food (How to Cook Everything),Food and Drink,£46.01,Four,In stock (7 available)
How to Be a Domestic Goddess: Baking and the Art of Comfort Cooking,Food and Drink,£28.25,Two,In stock (7 available)
Good in Bed (Cannie Shapiro #1),Add a comment,£37.05,Five,In stock (7 available)
"Fruits Basket, Vol. 7 (Fruits Basket #7)",Sequential Art,£19.57,One,In stock (7 available)
For the Love: Fighting for Grace in a World of Impossible Standards,Nonfiction,£45.13,Three,In stock (7 available)
Finding God in the Ruins: How God Redeems Pain,Nonfiction,£46.64,Two,In stock (7 available)
Every Heart a Doorway (Every Heart A Doorway #1),Fantasy,£12.16,Five,In stock (7 available)
Delivering the Truth (Quaker Midwife Mystery #1),Mystery,£20.89,Four,In stock (7 available)
Counted With the Stars (Out from Egypt #1),Christian Fiction,£17.97,Five,In stock (7 available)
"Chronicles, Vol. 1",Music,£52.60,Two,In stock (7 available)
Blue Like Jazz: Nonreligious Thoughts on Christian Spirituality,Christian,£25.77,One,In stock (7 available)
Benjamin Franklin: An American Life,Biography,£48.19,Three,In stock (7 available)
"At The Existentialist Café: Freedom, Being, and apricot cocktails with: Jean-Paul Sartre, Simone de Beauvoir, Albert Camus, Martin Heidegger, Edmund Husserl, Karl Jaspers, Maurice Merleau-Ponty and others",Philosophy,£29.93,Five,In stock (7 available)
A Summer In Europe,Travel,£44.34,Two,In stock (7 available)
A Short History of Nearly Everything,History,£52.40,Five,In stock (7 available)
A Gathering of Shadows (Shades of Magic #2),Fantasy,£44.81,Four,In stock (7 available)
The Sound Of Love,Default,£57.84,Five,In stock (6 available)
The Rise and Fall of the Third Reich: A History of Nazi Germany,History,£39.67,Two,In stock (6 available)
The Perks of Being a Wallflower,Default,£55.02,Three,In stock (6 available)
The Mysterious Affair at Styles (Hercule Poirot #1),Mystery,£24.80,Four,In stock (6 available)
The Man Who Mistook His Wife for a Hat and Other Clinical Tales,Nonfiction,£59.45,Four,In stock (6 available)
The Makings of a Fatherless Child,Default,£31.58,Two,In stock (6 available)
The Joy of Cooking,Add a comment,£43.27,Four,In stock (6 available)
The Invention of Wings,Historical Fiction,£37.34,One,In stock (6 available)
The Hobbit (Middle-Earth Universe),Default,£17.80,Five,In stock (6 available)
The Great Railway Bazaar,Travel,£30.54,One,In stock (6 available)
The Golden Compass (His Dark Materials #1),Add a comment,£18.77,One,In stock (6 available)
The God Delusion,Add a comment,£46.85,Three,In stock (6 available)
The Girl You Left Behind (The Girl You Left Behind #1),Historical,£15.79,One,In stock (6 available)
The Fellowship of the Ring (The Lord of the Rings #1),Default,£10.27,Two,In stock (6 available)
The Collected Poems of W.B. Yeats (The Collected Works of W.B. Yeats #1),Poetry,£15.42,Five,In stock (6 available)
The Barefoot Contessa Cookbook,Food and Drink,£59.92,Five,In stock (6 available)
Tell the Wolves I'm Home,Young Adult,£50.96,Two,In stock (6 available)
Ship Leaves Harbor: Essays on Travel by a Recovering Journeyman,Default,£30.60,Three,In stock (6 available)
Pride and Prejudice,Add a comment,£19.27,Four,In stock (6 available)
Musicophilia: Tales of Music and the Brain,Default,£46.58,One,In stock (6 available)
Mere Christianity,Add a comment,£48.51,Three,In stock (6 available)
Me Before You (Me Before You #1),Fiction,£19.02,One,In stock (6 available)
In the Woods (Dublin Murder Squad #1),Mystery,£38.38,Two,In stock (6 available)
In Cold Blood,Nonfiction,£49.98,Four,In stock (6 available)
How to Stop Worrying and Start Living,Self Help,£46.49,Five,In stock (6 available)
Give It Back,Thriller,£18.32,Two,In stock (6 available)
"Girl, Interrupted",Nonfiction,£42.14,Three,In stock (6 available)
Fun Home: A Family Tragicomic,Add a comment,£56.59,Four,In stock (6 available)
"Fruits Basket, Vol. 6 (Fruits Basket #6)",Sequential Art,£20.96,Four,In stock (6 available)
Deception Point,Fiction,£40.32,Four,In stock (6 available)
"Death Note, Vol. 6: Give-and-Take (Death Note #6)",Sequential Art,£36.39,Three,In stock (6 available)
Catherine the Great: Portrait of a Woman,History,£58.55,Four,In stock (6 available)
Better Homes and Gardens New Cook Book,Food and Drink,£39.61,Three,In stock (6 available)
An Unquiet Mind: A Memoir of Moods and Madness,Psychology,£21.30,Three,In stock (6 available)
A Year in Provence (Provence #1),Travel,£56.88,Four,In stock (6 available)
World Without End (The Pillars of the Earth #2),Historical Fiction,£32.97,Four,In stock (5 available)
"Will Grayson, Will Grayson (Will Grayson, Will Grayson)",Young Adult,£47.31,Four,In stock (5 available)
Why Save the Bankers?: And Other Essays on Our Economic and Political Crisis,Nonfiction,£48.67,Two,In stock (5 available)
Where She Went (If I Stay #2),Young Adult,£41.73,Four,In stock (5 available)
What If?: Serious Scientific Answers to Absurd Hypothetical Questions,Default,£53.68,Four,In stock (5 available)
Two Summers,Young Adult,£14.64,One,In stock (5 available)
This Is Your Brain on Music: The Science of a Human Obsession,Music,£38.40,One,In stock (5 available)
The Secret Garden,Classics,£15.08,Four,In stock (5 available)
The Raven King (The Raven Cycle #4),Add a comment,£30.57,Two,In stock (5 available)
The Raven Boys (The Raven Cycle #1),Fantasy,£57.74,Four,In stock (5 available)
The Power Greens Cookbook: 140 Delicious Superfood Recipes,Food and Drink,£11.05,Five,In stock (5 available)
The Metamorphosis,Classics,£28.58,One,In stock (5 available)
The Mathews Men: Seven Brothers and the War Against Hitler's U-boats,History,£42.91,Five,In stock (5 available)
The Little Paris Bookshop,Fiction,£24.73,Three,In stock (5 available)
The Hiding Place,History,£55.91,Four,In stock (5 available)
The Grand Design,Science,£13.76,Three,In stock (5 available)
The Firm,Fiction,£45.56,Three,In stock (5 available)
The Fault in Our Stars,Default,£47.22,One,In stock (5 available)
The False Prince (The Ascendance Trilogy #1),Fantasy,£56.00,Five,In stock (5 available)
The Expatriates,Fiction,£44.58,Two,In stock (5 available)
The Dream Thieves (The Raven Cycle #2),Default,£34.50,One,In stock (5 available)
The Darkest Corners,Young Adult,£11.33,Five,In stock (5 available)
The Crossover,Poetry,£38.77,Four,In stock (5 available)
The 5th Wave (The 5th Wave #1),Default,£11.83,Two,In stock (5 available)
Tell the Wind and Fire,Fantasy,£45.51,Three,In stock (5 available)
Tell Me Three Things,Young Adult,£41.81,One,In stock (5 available)
Talking to Girls About Duran Duran: One Young Man's Quest for True Love and a Cooler Haircut,Nonfiction,£25.15,Four,In stock (5 available)
Siddhartha,Fiction,£34.22,Five,In stock (5 available)
Shiver (The Wolves of Mercy Falls #1),Default,£16.23,Five,In stock (5 available)
Remember Me?,Default,£11.48,Three,In stock (5 available)
Red Dragon (Hannibal Lecter #1),Horror,£23.37,Three,In stock (5 available)
Peak: Secrets from the New Science of Expertise,Science,£16.28,Two,In stock (5 available)
My Mother Was Nuts,Nonfiction,£31.63,Four,In stock (5 available)
Mexican Today: New and Rediscovered Recipes for Contemporary Kitchens,Food and Drink,£24.91,Five,In stock (5 available)
Maybe Something Beautiful: How Art Transformed a Neighborhood,Childrens,£22.54,One,In stock (5 available)
Lola and the Boy Next Door (Anna and the French Kiss #2),Young Adult,£23.63,Four,In stock (5 available)
Logan Kade (Fallen Crest High #5.5),Academic,£13.12,Two,In stock (5 available)
Last One Home (New Beginnings #1),Fiction,£59.98,Three,In stock (5 available)
Killing Floor (Jack Reacher #1),Thriller,£31.49,Four,In stock (5 available)
Kill the Boy Band,Young Adult,£15.52,Five,In stock (5 available)
Isla and the Happily Ever After (Anna and the French Kiss #3),Young Adult,£48.13,Five,In stock (5 available)
If I Stay (If I Stay #1),Default,£38.13,Five,In stock (5 available)
I Know Why the Caged Bird Sings (Maya Angelou's Autobiography #1),Default,£36.55,Two,In stock (5 available)
Harry Potter and the Deathly Hallows (Harry Potter #7),Default,£23.32,One,In stock (5 available)
"Fruits Basket, Vol. 5 (Fruits Basket #5)",Sequential Art,£16.33,One,In stock (5 available)
Foundation (Foundation (Publication Order) #1),Science Fiction,£32.42,One,In stock (5 available)
Fool Me Once,Default,£16.96,One,In stock (5 available)
Find Her (Detective D.D. Warren #8),Add a comment,£22.37,One,In stock (5 available)
Evicted: Poverty and Profit in the American City,Add a comment,£42.27,One,In stock (5 available)
Drama,Default,£38.70,Two,In stock (5 available)
Dracula the Un-Dead,Horror,£35.63,Five,In stock (5 available)
Digital Fortress,Fiction,£58.00,Five,In stock (5 available)
"Death Note, Vol. 5: Whiteout (Death Note #5)",Sequential Art,£52.41,One,In stock (5 available)
"Data, A Love Story: How I Gamed Online Dating to Meet My Match",Nonfiction,£32.35,Three,In stock (5 available)
Critique of Pure Reason,Philosophy,£20.75,One,In stock (5 available)
Booked,Poetry,£17.49,Five,In stock (5 available)
"Blue Lily, Lily Blue (The Raven Cycle #3)",Default,£34.13,Five,In stock (5 available)
Approval Junkie: Adventures in Caring Too Much,Autobiography,£58.81,Five,In stock (5 available)
An Abundance of Katherines,Young Adult,£10.00,Five,In stock (5 available)
America's War for the Greater Middle East: A Military History,History,£51.22,Two,In stock (5 available)
Alight (The Generations Trilogy #2),Default,£58.59,Four,In stock (5 available)
A Girl's Guide to Moving On (New Beginnings #2),Romance,£31.30,One,In stock (5 available)
A Game of Thrones (A Song of Ice and Fire #1),Add a comment,£46.42,Two,In stock (5 available)
A Feast for Crows (A Song of Ice and Fire #4),Fantasy,£17.21,Four,In stock (5 available)
A Clash of Kings (A Song of Ice and Fire #2),Add a comment,£10.79,Three,In stock (5 available)
Vogue Colors A to Z: A Fashion Coloring Book,Default,£52.35,Four,In stock (4 available)
The Shining (The Shining #1),Default,£27.88,Three,In stock (4 available)
The Pilgrim's Progress,Classics,£50.26,Two,In stock (4 available)
The Perfect Play (Play by Play #1),Romance,£59.99,Three,In stock (4 available)
The Passion of Dolssa,Historical Fiction,£28.32,Five,In stock (4 available)
The Jazz of Physics: The Secret Link Between Music and the Structure of the Universe,Nonfiction,£38.71,Three,In stock (4 available)
The Hunger Games (The Hunger Games #1),Default,£29.85,Five,In stock (4 available)
The Hound of the Baskervilles (Sherlock Holmes #5),Classics,£14.82,Two,In stock (4 available)
The Gunning of America: Business and the Making of American Gun Culture,Nonfiction,£16.81,Four,In stock (4 available)
The Geography of Bliss: One Grump's Search for the Happiest Places in the World,Nonfiction,£28.23,Two,In stock (4 available)
The Demonists (Demonist #1),Fantasy,£52.11,Two,In stock (4 available)
"The Demon Prince of Momochi House, Vol. 4 (The Demon Prince of Momochi House #4)",Sequential Art,£27.88,Two,In stock (4 available)
The Bone Hunters (Lexy Vaughan & Steven Macaulay #2),Thriller,£59.71,Three,In stock (4 available)
The Beast (Black Dagger Brotherhood #14),Fantasy,£46.08,Five,In stock (4 available)
Some Women,Womens Fiction,£13.73,Five,In stock (4 available)
Shopaholic Ties the Knot (Shopaholic #3),Womens Fiction,£48.39,Five,In stock (4 available)
Paper and Fire (The Great Library #2),Fantasy,£49.45,Five,In stock (4 available)
Outlander (Outlander #1),Default,£19.67,Five,In stock (4 available)
"Orchestra of Exiles: The Story of Bronislaw Huberman, the Israel Philharmonic, and the One Thousand Jews He Saved from Nazi Horrors",Music,£12.36,Three,In stock (4 available)
No One Here Gets Out Alive,Music,£20.02,Five,In stock (4 available)
Night Shift (Night Shift #1-20),Horror,£12.75,Four,In stock (4 available)
Needful Things,Horror,£47.51,Four,In stock (4 available)
Mockingjay (The Hunger Games #3),Default,£20.44,Four,In stock (4 available)
Misery,Horror,£34.79,Two,In stock (4 available)
Little Women (Little Women #1),Classics,£28.07,Four,In stock (4 available)
It,Horror,£25.01,Three,In stock (4 available)
Harry Potter and the Sorcerer's Stone (Harry Potter #1),Default,£13.90,Three,In stock (4 available)
Harry Potter and the Prisoner of Azkaban (Harry Potter #3),Young Adult,£24.17,Four,In stock (4 available)
Harry Potter and the Order of the Phoenix (Harry Potter #5),Fantasy,£31.63,Four,In stock (4 available)
Harry Potter and the Half-Blood Prince (Harry Potter #6),Fantasy,£48.75,Five,In stock (4 available)
Harry Potter and the Chamber of Secrets (Harry Potter #2),Fantasy,£14.74,One,In stock (4 available)
Gone with the Wind,Classics,£32.49,Three,In stock (4 available)
God Is Not Great: How Religion Poisons Everything,Nonfiction,£27.80,One,In stock (4 available)
Girl With a Pearl Earring,Historical Fiction,£26.77,One,In stock (4 available)
"Fruits Basket, Vol. 4 (Fruits Basket #4)",Sequential Art,£50.44,Four,In stock (4 available)
Far From True (Promise Falls Trilogy #2),Thriller,£34.93,Two,In stock (4 available)
Dark Lover (Black Dagger Brotherhood #1),Romance,£12.87,One,In stock (4 available)
Confessions of a Shopaholic (Shopaholic #1),Default,£48.94,Two,In stock (4 available)
Changing the Game (Play by Play #2),Romance,£13.38,Three,In stock (4 available)
Candide,Classics,£58.63,Three,In stock (4 available)
Can You Keep a Secret?,Womens Fiction,£21.94,One,In stock (4 available)
Atlas Shrugged,Fiction,£26.58,Five,In stock (4 available)
Animal Farm,Classics,£57.22,Three,In stock (4 available)
A Walk to Remember,Romance,£56.43,One,In stock (4 available)
A New Earth: Awakening to Your Life's Purpose,Spirituality,£55.65,Five,In stock (4 available)
"A History of God: The 4,000-Year Quest of Judaism, Christianity, and Islam",Religion,£27.62,One,In stock (4 available)
'Salem's Lot,Horror,£49.56,Four,In stock (4 available)
Zero History (Blue Ant #3),Default,£34.77,One,In stock (3 available)
Wuthering Heights,Classics,£17.73,Three,In stock (3 available)
World War Z: An Oral History of the Zombie War,Default,£21.80,One,In stock (3 available)
Wild: From Lost to Found on the Pacific Crest Trail,Default,£46.02,Three,In stock (3 available)
"Where'd You Go, Bernadette",Default,£18.13,One,In stock (3 available)
When You Are Engulfed in Flames,Humor,£30.89,Five,In stock (3 available)
We the People: The Modern-Day Figures Who Have Reshaped and Affirmed the Founding Fathers' Vision of America,Nonfiction,£31.95,Three,In stock (3 available)
We Are All Completely Beside Ourselves,Contemporary,£24.04,One,In stock (3 available)
Walk the Edge (Thunder Road #2),Young Adult,£32.36,Three,In stock (3 available)
Voyager (Outlander #3),Historical Fiction,£21.07,Five,In stock (3 available)
Very Good Lives: The Fringe Benefits of Failure and the Importance of Imagination,Nonfiction,£50.66,Three,In stock (3 available)
Vegan Vegetarian Omnivore: Dinner for Everyone at the Table,Food and Drink,£13.66,Two,In stock (3 available)
"Unstuffed: Decluttering Your Home, Mind, and Soul",Nonfiction,£58.09,One,In stock (3 available)
Under the Banner of Heaven: A Story of Violent Faith,Nonfiction,£30.00,One,In stock (3 available)
Two Boys Kissing,Young Adult,£32.74,Two,In stock (3 available)
Twilight (Twilight #1),Default,£41.93,Two,In stock (3 available)
Twenties Girl,Womens Fiction,£42.80,Two,In stock (3 available)
"Trespassing Across America: One Man's Epic, Never-Done-Before (and Sort of Illegal) Hike Across the Heartland",Nonfiction,£53.51,One,In stock (3 available)
Three-Martini Lunch,Fiction,£23.21,Three,In stock (3 available)
"Thinking, Fast and Slow",Psychology,£21.14,One,In stock (3 available)
The Wild Robot,Childrens,£56.07,Three,In stock (3 available)
"The Wicked + The Divine, Vol. 3: Commercial Suicide (The Wicked + The Divine)",Sequential Art,£14.41,Three,In stock (3 available)
The Undomestic Goddess,Womens Fiction,£45.75,Four,In stock (3 available)
The Travelers,Thriller,£15.77,One,In stock (3 available)
The Tipping Point: How Little Things Can Make a Big Difference,Add a comment,£10.02,Two,In stock (3 available)
The Thing About Jellyfish,Childrens,£48.77,One,In stock (3 available)
The Stand,Horror,£57.86,Two,In stock (3 available)
The Smitten Kitchen Cookbook,Food and Drink,£23.59,One,In stock (3 available)
The Silkworm (Cormoran Strike #2),Mystery,£23.05,Five,In stock (3 available)
"The Sandman, Vol. 3: Dream Country (The Sandman (volumes) #3)",Sequential Art,£55.55,Five,In stock (3 available)
The Rose & the Dagger (The Wrath and the Dawn #2),Fantasy,£58.64,Four,In stock (3 available)
The Road to Little Dribbling: Adventures of an American in Britain (Notes From a Small Island #2),Travel,£23.21,One,In stock (3 available)
The Rise of Theodore Roosevelt (Theodore Roosevelt #1),Biography,£42.57,Three,In stock (3 available)
The Restaurant at the End of the Universe (Hitchhiker's Guide to the Galaxy #2),Science Fiction,£10.92,One,In stock (3 available)
The Rest Is Noise: Listening to the Twentieth Century,Add a comment,£34.77,One,In stock (3 available)
The Red Tent,Historical Fiction,£35.66,Five,In stock (3 available)
The Purpose Driven Life: What on Earth Am I Here for?,Add a comment,£37.19,Three,In stock (3 available)
The Purest Hook (Second Circle Tattoos #3),Romance,£12.25,One,In stock (3 available)
The Picture of Dorian Gray,Classics,£29.70,Two,In stock (3 available)
The Paris Wife,Default,£36.80,Three,In stock (3 available)
The Obsession,Romance,£45.43,One,In stock (3 available)
The Nightingale,Fiction,£26.26,Four,In stock (3 available)
The New Guy (and Other Senior Year Distractions),Young Adult,£44.92,Three,In stock (3 available)
The Nanny Diaries (Nanny #1),Womens Fiction,£52.53,Five,In stock (3 available)
The Name of God is Mercy,Nonfiction,£37.25,Two,In stock (3 available)
The Maze Runner (The Maze Runner #1),Default,£20.93,One,In stock (3 available)
The Lover's Dictionary,Default,£58.09,Two,In stock (3 available)
The Lonely Ones,Childrens,£43.59,Five,In stock (3 available)
The Lean Startup: How Today's Entrepreneurs Use Continuous Innovation to Create Radically Successful Businesses,Business,£33.92,Three,In stock (3 available)
The Last Painting of Sara de Vos,Historical Fiction,£55.55,Two,In stock (3 available)
"The Land of 10,000 Madonnas",Young Adult,£29.64,Four,In stock (3 available)
The Infinities,Fiction,£27.41,One,In stock (3 available)
The Husband's Secret,Fiction,£52.51,Five,In stock (3 available)
The Hitchhiker's Guide to the Galaxy (Hitchhiker's Guide to the Galaxy #1),Add a comment,£47.80,Three,In stock (3 available)
The Guns of August,History,£14.54,Two,In stock (3 available)
The Guernsey Literary and Potato Peel Pie Society,Historical Fiction,£49.53,One,In stock (3 available)
The Goldfinch,Default,£43.58,Three,In stock (3 available)
The Giver (The Giver Quartet #1),Default,£12.30,One,In stock (3 available)
The Girl with All the Gifts,Horror,£49.47,Three,In stock (3 available)
The Girl Who Played with Fire (Millennium Trilogy #2),Default,£22.14,Two,In stock (3 available)
The Girl Who Kicked the Hornet's Nest (Millennium Trilogy #3),Add a comment,£57.48,One,In stock (3 available)
The Exiled,Mystery,£43.45,Three,In stock (3 available)
"The End of Faith: Religion, Terror, and the Future of Reason",Add a comment,£22.13,Four,In stock (3 available)
"The Elegant Universe: Superstrings, Hidden Dimensions, and the Quest for the Ultimate Theory",Science,£13.03,Four,In stock (3 available)
"The Disappearing Spoon: And Other True Tales of Madness, Love, and the History of the World from the Periodic Table of the Elements",Science,£57.35,Five,In stock (3 available)
The Devil Wears Prada (The Devil Wears Prada #1),Womens Fiction,£44.29,One,In stock (3 available)
The Demon-Haunted World: Science as a Candle in the Dark,Default,£52.25,Four,In stock (3 available)
The Day the Crayons Came Home (Crayons),Childrens,£26.33,Five,In stock (3 available)
The Da Vinci Code (Robert Langdon #2),Fiction,£22.96,Two,In stock (3 available)
The Cuckoo's Calling (Cormoran Strike #1),Mystery,£19.21,One,In stock (3 available)
The Complete Stories and Poems (The Works of Edgar Allan Poe [Cameo Edition]),Classics,£26.78,Four,In stock (3 available)
The Complete Poems,Add a comment,£41.32,Five,In stock (3 available)
The Catcher in the Rye,Add a comment,£24.55,One,In stock (3 available)
The Cat in the Hat (Beginner Books B-1),Childrens,£16.26,Two,In stock (3 available)
The Case for Christ (Cases for Christianity),Add a comment,£47.84,One,In stock (3 available)
The Book Thief,Default,£53.49,Two,In stock (3 available)
The Book of Basketball: The NBA According to The Sports Guy,Sports and Games,£44.84,Five,In stock (3 available)
The Blind Side: Evolution of a Game,Add a comment,£53.71,Five,In stock (3 available)
The Autobiography of Malcolm X,Default,£23.43,Two,In stock (3 available)
"The Art of Simple Food: Notes, Lessons, and Recipes from a Delicious Revolution",Food and Drink,£34.32,Three,In stock (3 available)
The Art of Fielding,Fiction,£22.10,One,In stock (3 available)
"Surely You're Joking, Mr. Feynman!: Adventures of a Curious Character",Science,£25.83,Two,In stock (3 available)
Stiff: The Curious Lives of Human Cadavers,Nonfiction,£36.74,Three,In stock (3 available)
Spilled Milk: Based on a True Story,Nonfiction,£49.51,One,In stock (3 available)
Something Borrowed (Darcy & Rachel #1),Womens Fiction,£48.96,Five,In stock (3 available)
Something Blue (Darcy & Rachel #2),Womens Fiction,£54.62,One,In stock (3 available)
Soldier (Talon #3),Fantasy,£24.72,Two,In stock (3 available)
Shopaholic & Baby (Shopaholic #5),Default,£46.45,Two,In stock (3 available)
Seven Days in the Art World,Add a comment,£52.33,Two,In stock (3 available)
Seven Brief Lessons on Physics,Science,£30.60,Four,In stock (3 available)
Scarlet (The Lunar Chronicles #2),Young Adult,£14.57,Four,In stock (3 available)
Sarah's Key,Add a comment,£46.29,One,In stock (3 available)
"Saga, Volume 3 (Saga (Collected Editions) #3)",Sequential Art,£21.57,Five,In stock (3 available)
Running with Scissors,Autobiography,£12.91,Four,In stock (3 available)
Rogue Lawyer (Rogue Lawyer #1),Add a comment,£50.11,Three,In stock (3 available)
"Rise of the Rocket Girls: The Women Who Propelled Us, from Missiles to the Moon to Mars",Nonfiction,£41.67,Four,In stock (3 available)
Rework,Business,£44.88,Two,In stock (3 available)
Reservations for Two,Romance,£11.10,Three,In stock (3 available)
Red: The True Story of Red Riding Hood,Childrens,£28.54,Three,In stock (3 available)
Ready Player One,Science Fiction,£19.07,Four,In stock (3 available)
Quiet: The Power of Introverts in a World That Can't Stop Talking,Default,£43.55,One,In stock (3 available)
Prodigy: The Graphic Novel (Legend: The Graphic Novel #2),Sequential Art,£43.63,Three,In stock (3 available)
Persepolis: The Story of a Childhood (Persepolis #1-2),Sequential Art,£39.13,One,In stock (3 available)
Packing for Mars: The Curious Science of Life in the Void,Default,£56.68,Two,In stock (3 available)
Outliers: The Story of Success,Nonfiction,£14.16,One,In stock (3 available)
Original Fake,Sequential Art,£31.45,Three,In stock (3 available)
Orange Is the New Black,Default,£24.61,Two,In stock (3 available)
One for the Money (Stephanie Plum #1),Default,£32.87,Two,In stock (3 available)
Notes from a Small Island (Notes From a Small Island #1),Nonfiction,£40.17,One,In stock (3 available)
Night (The Night Trilogy #1),Nonfiction,£13.51,One,In stock (3 available)
Neither Here nor There: Travels in Europe,Travel,£38.95,Three,In stock (3 available)
Naked,Humor,£31.69,Three,In stock (3 available)
Morning Star (Red Rising #3),Default,£29.40,One,In stock (3 available)
"Miracles from Heaven: A Little Girl, Her Journey to Heaven, and Her Amazing Story of Healing",Nonfiction,£57.83,One,In stock (3 available)
Midnight Riot (Peter Grant/ Rivers of London - books #1),Fantasy,£55.46,Two,In stock (3 available)
Me Talk Pretty One Day,Autobiography,£57.60,Two,In stock (3 available)
Manuscript Found in Accra,Add a comment,£34.98,Two,In stock (3 available)
Lust & Wonder,Autobiography,£11.87,Two,In stock (3 available)
Lila (Gilead #3),Fiction,£12.47,Three,In stock (3 available)
"Life, the Universe and Everything (Hitchhiker's Guide to the Galaxy #3)",Science Fiction,£33.26,Two,In stock (3 available)
Life Without a Recipe,Autobiography,£59.04,Five,In stock (3 available)
Life After Life,Default,£26.13,Two,In stock (3 available)
Letter to a Christian Nation,Nonfiction,£22.20,One,In stock (3 available)
Let's Pretend This Never Happened: A Mostly True Memoir,Nonfiction,£45.11,One,In stock (3 available)
Legend (Legend #1),Young Adult,£43.69,Four,In stock (3 available)
"Lean In: Women, Work, and the Will to Lead",Default,£25.02,One,In stock (3 available)
"Lamb: The Gospel According to Biff, Christ's Childhood Pal",Humor,£55.50,Five,In stock (3 available)
Lady Renegades (Rebel Belle #3),Young Adult,£53.04,Five,In stock (3 available)
Jurassic Park (Jurassic Park #1),Fiction,£44.97,One,In stock (3 available)
It's Never Too Late to Begin Again: Discovering Creativity and Meaning at Midlife and Beyond,Nonfiction,£42.38,One,In stock (3 available)
Is Everyone Hanging Out Without Me? (And Other Concerns),Default,£20.11,Three,In stock (3 available)
Into the Wild,Nonfiction,£56.70,Five,In stock (3 available)
Inferno (Robert Langdon #4),Fiction,£41.00,Five,In stock (3 available)
"In the Garden of Beasts: Love, Terror, and an American Family in Hitler's Berlin",Nonfiction,£28.85,Three,In stock (3 available)
If I Run (If I Run #1),Christian Fiction,£49.97,Four,In stock (3 available)
I've Got Your Number,Womens Fiction,£19.69,One,In stock (3 available)
I Am Malala: The Girl Who Stood Up for Education and Was Shot by the Taliban,Nonfiction,£28.88,Two,In stock (3 available)
Hungry Girl Clean & Hungry: Easy All-Natural Recipes for Healthy Eating in the Real World,Food and Drink,£33.14,Three,In stock (3 available)
"House of Lost Worlds: Dinosaurs, Dynasties, and the Story of Life on Earth",History,£43.70,Two,In stock (3 available)
House of Leaves,Horror,£54.89,One,In stock (3 available)
Horrible Bear!,Childrens,£37.52,Two,In stock (3 available)
Holidays on Ice,Humor,£51.07,Two,In stock (3 available)
Heir to the Sky,Fantasy,£44.07,Four,In stock (3 available)
Green Eggs and Ham (Beginner Books B-16),Childrens,£10.79,Four,In stock (3 available)
"Grayson, Vol 3: Nemesis (Grayson #3)",Sequential Art,£42.72,One,In stock (3 available)
Gratitude,Nonfiction,£26.66,Five,In stock (3 available)
Gone Girl,Default,£37.60,Five,In stock (3 available)
Golden (Heart of Dread #3),Young Adult,£42.21,Four,In stock (3 available)
Girl in the Blue Coat,Historical Fiction,£46.83,Two,In stock (3 available)
"Fruits Basket, Vol. 3 (Fruits Basket #3)",Sequential Art,£45.17,Two,In stock (3 available)
"Friday Night Lights: A Town, a Team, and a Dream",Sports and Games,£51.22,Three,In stock (3 available)
Fire Bound (Sea Haven/Sisters of the Heart #5),Add a comment,£21.28,Four,In stock (3 available)
Fifty Shades Freed (Fifty Shades #3),Adult Fiction,£15.36,Five,In stock (3 available)
Fellside,Default,£38.62,One,In stock (3 available)
Extreme Prey (Lucas Davenport #26),Mystery,£25.40,Three,In stock (3 available)
Eragon (The Inheritance Cycle #1),Fantasy,£43.87,Three,In stock (3 available)
Eclipse (Twilight #3),Default,£18.74,One,In stock (3 available)
Dune (Dune #1),Science Fiction,£54.86,One,In stock (3 available)
Dracula,Default,£52.62,Three,In stock (3 available)
Do Androids Dream of Electric Sheep? (Blade Runner #1),Science Fiction,£51.48,One,In stock (3 available)
Disrupted: My Misadventure in the Start-Up Bubble,Nonfiction,£15.28,Five,In stock (3 available)
Dead Wake: The Last Crossing of the Lusitania,Default,£39.24,Five,In stock (3 available)
"David and Goliath: Underdogs, Misfits, and the Art of Battling Giants",Default,£17.81,One,In stock (3 available)
Darkfever (Fever #1),Fantasy,£56.02,One,In stock (3 available)
Dark Places,Default,£23.90,Five,In stock (3 available)
Crazy Rich Asians (Crazy Rich Asians #1),Fiction,£49.13,Five,In stock (3 available)
Counting Thyme,Childrens,£10.62,One,In stock (3 available)
Cosmos,Add a comment,£36.17,Two,In stock (3 available)
Civilization and Its Discontents,Psychology,£59.95,Two,In stock (3 available)
Cinder (The Lunar Chronicles #1),Young Adult,£26.09,One,In stock (3 available)
Catastrophic Happiness: Finding Joy in Childhood's Messy Years,Parenting,£37.35,Two,In stock (3 available)
Career of Evil (Cormoran Strike #3),Mystery,£24.72,Two,In stock (3 available)
Breaking Dawn (Twilight #4),Default,£35.28,Five,In stock (3 available)
Brave Enough,Nonfiction,£51.32,Five,In stock (3 available)
Boy Meets Boy,Young Adult,£21.12,Three,In stock (3 available)
"Born to Run: A Hidden Tribe, Superathletes, and the Greatest Race the World Has Never Seen",Nonfiction,£27.35,Two,In stock (3 available)
Blink: The Power of Thinking Without Thinking,Nonfiction,£21.74,Five,In stock (3 available)
Black Flags: The Rise of ISIS,Nonfiction,£40.87,One,In stock (3 available)
"Black Butler, Vol. 1 (Black Butler #1)",Sequential Art,£49.31,One,In stock (3 available)
Big Little Lies,Fiction,£22.11,One,In stock (3 available)
Between Shades of Gray,Historical Fiction,£20.79,Five,In stock (3 available)
Best of My Love (Fool's Gold #20),Romance,£27.41,Two,In stock (3 available)
Beowulf,Classics,£38.35,Two,In stock (3 available)
Beautiful Creatures (Caster Chronicles #1),Default,£21.55,Five,In stock (3 available)
Awkward,Sequential Art,£38.02,Two,In stock (3 available)
Ash,Fantasy,£22.06,Four,In stock (3 available)
Are We There Yet?,Childrens,£10.66,Three,In stock (3 available)
Are We Smart Enough to Know How Smart Animals Are?,Nonfiction,£56.58,One,In stock (3 available)
Annie on My Mind,Young Adult,£36.83,Five,In stock (3 available)
And Then There Were None,Classics,£35.01,Two,In stock (3 available)
A Walk in the Woods: Rediscovering America on the Appalachian Trail,Nonfiction,£30.48,Four,In stock (3 available)
A Visit from the Goon Squad,Default,£14.08,Five,In stock (3 available)
A Storm of Swords (A Song of Ice and Fire #3),Fantasy,£31.22,Two,In stock (3 available)
A Heartbreaking Work of Staggering Genius,Autobiography,£54.29,Five,In stock (3 available)
8 Keys to Mental Health Through Exercise,Psychology,£31.04,One,In stock (3 available)
#GIRLBOSS,Add a comment,£50.96,One,In stock (3 available)
"The Suffragettes (Little Black Classics, #96)",Nonfiction,£11.89,Two,In stock (2 available)
The Sense of an Ending,Add a comment,£31.38,Three,In stock (2 available)
"The Sandman, Vol. 2: The Doll's House (The Sandman (volumes) #2)",Sequential Art,£54.81,One,In stock (2 available)
The Course of Love,Fiction,£16.78,Three,In stock (2 available)
Sugar Rush (Offensive Line #2),Sports and Games,£24.42,One,In stock (2 available)
"Saga, Volume 2 (Saga (Collected Editions) #2)",Sequential Art,£11.75,Three,In stock (2 available)
"Run, Spot, Run: The Ethics of Keeping Pets",Philosophy,£20.02,One,In stock (2 available)
New Moon (Twilight #2),Young Adult,£12.86,Four,In stock (2 available)
Life,Music,£31.58,Five,In stock (2 available)
Kindle Paperwhite User's Guide,Nonfiction,£34.00,Three,In stock (2 available)
H is for Hawk,Nonfiction,£57.42,Five,In stock (2 available)
Girl Online On Tour (Girl Online #2),Young Adult,£53.47,One,In stock (2 available)
"Fruits Basket, Vol. 2 (Fruits Basket #2)",Sequential Art,£11.64,Five,In stock (2 available)
Diary of a Minecraft Zombie Book 1: A Scare of a Dare (An Unofficial Minecraft Book),Childrens,£52.88,Four,In stock (2 available)
"Y: The Last Man, Vol. 1: Unmanned (Y: The Last Man #1)",Sequential Art,£18.51,Four,In stock (1 available)
While You Were Mine,Historical Fiction,£41.32,Five,In stock (1 available)
Where Lightning Strikes (Bleeding Stars #3),Romance,£39.77,Three,In stock (1 available)
When I'm Gone,Fiction,£51.96,Three,In stock (1 available)
Ways of Seeing,Art,£39.51,Five,In stock (1 available)
"Vampire Knight, Vol. 1 (Vampire Knight #1)",Paranormal,£15.40,One,In stock (1 available)
Vampire Girl (Vampire Girl #1),Fantasy,£53.82,Two,In stock (1 available)
Twenty Love Poems and a Song of Despair,Poetry,£30.95,Four,In stock (1 available)
Travels with Charley: In Search of America,Nonfiction,£57.82,Five,In stock (1 available)
Three Wishes (River of Time: California #1),Science Fiction,£44.18,Two,In stock (1 available)
This One Moment (Pushing Limits #1),Romance,£48.71,One,In stock (1 available)
The Zombie Room,Default,£19.69,Five,In stock (1 available)
"The Wicked + The Divine, Vol. 1: The Faust Act (The Wicked + The Divine)",Sequential Art,£36.52,Two,In stock (1 available)
The Tumor,Nonfiction,£41.56,Five,In stock (1 available)
The Story of Hong Gildong,Classics,£43.19,Four,In stock (1 available)
The Silent Wife,Fiction,£12.34,Five,In stock (1 available)
The Silent Twin (Detective Jennifer Knight #3),Fantasy,£36.25,Three,In stock (1 available)
The Selfish Gene,Science,£29.45,One,In stock (1 available)
The Secret Healer,Historical Fiction,£34.56,Three,In stock (1 available)
"The Sandman, Vol. 1: Preludes and Nocturnes (The Sandman (volumes) #1)",Sequential Art,£54.12,Three,In stock (1 available)
The Republic,Add a comment,£33.78,Three,In stock (1 available)
The Odyssey,Add a comment,£29.64,Three,In stock (1 available)
The No. 1 Ladies' Detective Agency (No. 1 Ladies' Detective Agency #1),Mystery,£57.70,Four,In stock (1 available)
The Nicomachean Ethics,Philosophy,£36.34,One,In stock (1 available)
The Name of the Wind (The Kingkiller Chronicle #1),Default,£50.59,Three,In stock (1 available)
The Mirror & the Maze (The Wrath and the Dawn #1.5),Fantasy,£29.38,One,In stock (1 available)
The Little Prince,Classics,£45.42,Two,In stock (1 available)
The Light of the Fireflies,Add a comment,£54.43,One,In stock (1 available)
The Last Girl (The Dominion Trilogy #1),Science Fiction,£36.26,Two,In stock (1 available)
The Iliad,Add a comment,£16.16,One,In stock (1 available)
The Hook Up (Game On #1),New Adult,£36.29,Five,In stock (1 available)
The Haters,Young Adult,£27.89,Five,In stock (1 available)
The Girl You Lost,Mystery,£12.29,Five,In stock (1 available)
The Girl In The Ice (DCI Erika Foster #1),Mystery,£15.85,Three,In stock (1 available)
The End of the Jesus Era (An Investigation #1),Nonfiction,£14.40,One,In stock (1 available)
The Edge of Reason (Bridget Jones #2),Womens Fiction,£19.18,Four,In stock (1 available)
The Complete Maus (Maus #1-2),Sequential Art,£10.64,Three,In stock (1 available)
The Communist Manifesto,Add a comment,£14.76,Three,In stock (1 available)
The Bhagavad Gita,Religion,£57.49,Three,In stock (1 available)
The Bette Davis Club,Fiction,£30.66,Three,In stock (1 available)
The Art of Not Breathing,Young Adult,£40.83,Four,In stock (1 available)
Taking Shots (Assassins #1),Default,£18.88,Two,In stock (1 available)
Starlark,Historical Fiction,£25.83,Three,In stock (1 available)
"Skip Beat!, Vol. 01 (Skip Beat! #1)",Sequential Art,£42.12,Three,In stock (1 available)
Sister Sable (The Mad Queen #1),Fantasy,£13.33,Three,In stock (1 available)
Shatter Me (Shatter Me #1),Default,£42.40,One,In stock (1 available)
Shameless,New Adult,£58.35,Three,In stock (1 available)
Shadow Rites (Jane Yellowrock #10),Fantasy,£21.72,Four,In stock (1 available)
Settling the Score (The Summer Games #1),Sports and Games,£44.91,Two,In stock (1 available)
Sense and Sensibility,Classics,£37.46,One,In stock (1 available)
"Saga, Volume 1 (Saga (Collected Editions) #1)",Sequential Art,£28.48,One,In stock (1 available)
"Rhythm, Chord & Malykhin",Romance,£28.34,Two,In stock (1 available)
"Rat Queens, Vol. 1: Sass & Sorcery (Rat Queens (Collected Editions) #1-5)",Sequential Art,£46.96,Five,In stock (1 available)
Paradise Lost (Paradise #1),Default,£24.96,One,In stock (1 available)
"Paper Girls, Vol. 1 (Paper Girls #1-5)",Sequential Art,£21.71,Four,In stock (1 available)
"Ouran High School Host Club, Vol. 1 (Ouran High School Host Club #1)",Sequential Art,£29.87,Three,In stock (1 available)
Origins (Alphas 0.5),Fantasy,£28.99,One,In stock (1 available)
One Second (Seven #7),Fantasy,£52.94,Two,In stock (1 available)
On the Road (Duluoz Legend),Default,£32.36,Three,In stock (1 available)
Old Records Never Die: One Man's Quest for His Vinyl and His Past,Music,£55.66,Two,In stock (1 available)
Off Sides (Off #1),New Adult,£39.45,Five,In stock (1 available)
Of Mice and Men,Classics,£47.11,Two,In stock (1 available)
Myriad (Prentor #1),Fantasy,£58.75,Four,In stock (1 available)
My Perfect Mistake (Over the Top #1),Romance,£38.92,Two,In stock (1 available)
"Ms. Marvel, Vol. 1: No Normal (Ms. Marvel (2014-2015) #1)",Sequential Art,£39.39,Four,In stock (1 available)
Meditations,Philosophy,£25.89,Two,In stock (1 available)
Matilda,Childrens,£28.34,One,In stock (1 available)
Lost Among the Living,Historical Fiction,£27.70,Four,In stock (1 available)
Lord of the Flies,Add a comment,£24.89,Three,In stock (1 available)
Listen to Me (Fusion #1),Romance,£58.99,Three,In stock (1 available)
Kitchens of the Great Midwest,Fiction,£57.20,Five,In stock (1 available)
Jane Eyre,Default,£38.43,Five,In stock (1 available)
Imperfect Harmony,Romance,£34.74,Four,In stock (1 available)
Icing (Aces Hockey #2),Sports and Games,£40.44,Four,In stock (1 available)
"Hawkeye, Vol. 1: My Life as a Weapon (Hawkeye #1)",Sequential Art,£45.24,Three,In stock (1 available)
Having the Barbarian's Baby (Ice Planet Barbarians #7.5),Science Fiction,£34.96,Four,In stock (1 available)
"Giant Days, Vol. 1 (Giant Days #1-4)",Sequential Art,£56.76,Four,In stock (1 available)
"Fruits Basket, Vol. 1 (Fruits Basket #1)",Sequential Art,£40.28,Five,In stock (1 available)
Frankenstein,Default,£38.00,Two,In stock (1 available)
Forever Rockers (The Rocker #12),Music,£28.80,Three,In stock (1 available)
Fighting Fate (Fighting #6),Romance,£39.24,Three,In stock (1 available)
Emma,Classics,£32.93,Two,In stock (1 available)
"Eat, Pray, Love",Nonfiction,£51.32,Three,In stock (1 available)
Deep Under (Walker Security #1),Romance,£47.09,Five,In stock (1 available)
Choosing Our Religion: The Spiritual Lives of America's Nones,Religion,£28.42,Four,In stock (1 available)
Charlie and the Chocolate Factory (Charlie Bucket #1),Childrens,£22.85,Three,In stock (1 available)
Charity's Cross (Charles Towne Belles #4),Romance,£41.24,One,In stock (1 available)
Bright Lines,Fiction,£39.07,Five,In stock (1 available)
Bridget Jones's Diary (Bridget Jones #1),Womens Fiction,£29.82,One,In stock (1 available)
Bounty (Colorado Mountain #7),Romance,£37.26,Four,In stock (1 available)
Blood Defense (Samantha Brinkman #1),Mystery,£20.30,Three,In stock (1 available)
"Bleach, Vol. 1: Strawberry and the Soul Reapers (Bleach #1)",Sequential Art,£34.65,Five,In stock (1 available)
Beyond Good and Evil,Philosophy,£43.38,One,In stock (1 available)
Alice in Wonderland (Alice's Adventures in Wonderland #1),Classics,£55.53,One,In stock (1 available)
"Ajin: Demi-Human, Volume 1 (Ajin: Demi-Human #1)",Sequential Art,£57.06,Four,In stock (1 available)
A Spy's Devotion (The Regency Spies of London #1),Historical Fiction,£16.97,Five,In stock (1 available)
1st to Die (Women's Murder Club #1),Mystery,£53.98,One,In stock (1 available)
"1,000 Places to See Before You Die",Travel,£26.08,Five,In stock (1 available)
